sample	batch	tissue	fmol	expected_coverage	mean_duplex_cov	median_duplex_cov	mean_bulk_cov	pct_selected_bases	all_est_efficiency	all_dup_rate	all_f_eff	all_gc_both	all_gc_single	all_prop_ok_bundles	inpanel_est_efficiency	inpanel_dup_rate	inpanel_f_eff	inpanel_gc_both	inpanel_gc_single	inpanel_prop_ok_bundles	pass_subs	total_subs	pass_indels	total_indels	total_sites	observed_burden	observed_burden_lci	observed_burden_uci	corrected_burden	corrected_burden_lci	corrected_burden_uci
PD42759a_tds0001	2	Bulk_NonSjogrens	85	255	301.9586133	272	1581.643931	0.714644	0.040835158	0.697445531	0.3349414	0.4975052	0.5122451	0.133622178	0.045022586	0.770195597	0.3439292	0.5001687	0.5153153	0.189490933	3784	5288	347	467	17115401276	2.21E-07	2.14E-07	2.28E-07	2.00E-07	1.93E-07	2.06E-07
PD42760a_tds0001	2	Bulk_NonSjogrens	85	255	241.2199949	216	1424.215829	0.731231	0.034817129	0.726560106	0.4528691	0.4759485	0.5040727	0.125617797	0.037292495	0.790925765	0.46439	0.4774764	0.509161	0.173253675	2828	7130	282	489	14427959016	1.96E-07	1.89E-07	2.03E-07	1.82E-07	1.75E-07	1.89E-07
PD42761a_tds0001	1	Bulk_NonSjogrens	85	255	258.9036198	230	1456.959435	0.799577	0.034990325	0.755175093	0.430198	0.4925035	0.5036551	0.138918869	0.036811322	0.800285818	0.4390112	0.4961435	0.5047936	0.17996847	4028	7509	373	597	14692947427	2.74E-07	2.66E-07	2.83E-07	2.48E-07	2.41E-07	2.56E-07
PD42763a_tds0001	1	Bulk_NonSjogrens	85	255	238.2686695	215	1246.851607	0.776977	0.035111847	0.768636	0.4302916	0.4930754	0.5012994	0.146859745	0.03675181	0.815810071	0.4401376	0.494696	0.5023375	0.192881731	3306	4178	313	455	13698545509	2.41E-07	2.33E-07	2.50E-07	2.22E-07	2.15E-07	2.30E-07
PD42764a_tds0001	2	Bulk_NonSjogrens	85	255	247.8691723	221	1335.97637	0.776447	0.041877896	0.696945877	0.3149826	0.4970742	0.5101262	0.135557821	0.045785143	0.754812291	0.3230117	0.4983644	0.5125687	0.182006183	3320	4069	285	392	13706182729	2.42E-07	2.34E-07	2.51E-07	2.29E-07	2.21E-07	2.37E-07
PD42765a_tds0001	1	Bulk_NonSjogrens	85	255	215.8337698	189	1363.374264	0.808011	0.03444205	0.72786274	0.4253214	0.5011476	0.5071323	0.1225967	0.036802681	0.774502346	0.4334202	0.5040945	0.508941	0.158261205	2419	3186	263	349	11850598603	2.04E-07	1.96E-07	2.12E-07	1.86E-07	1.79E-07	1.94E-07
PD42766a_tds0001	2	Bulk_NonSjogrens	85	255	248.553118	222	1450.260995	0.766076	0.040245331	0.682947734	0.3260491	0.507923	0.523349	0.125585383	0.044338693	0.74578603	0.3348199	0.5097063	0.5254982	0.170998464	2979	4476	297	468	13686259490	2.18E-07	2.10E-07	2.26E-07	1.99E-07	1.92E-07	2.07E-07
PD42767a_tds0001	2	Sjogrens_Epithelium	24.45	73.35	41.43386869	36	329.972546	0.771786	0.021440729	0.788656668	0.6465273	0.4612921	0.490027	0.097733673	0.02183087	0.828628986	0.6524076	0.4608078	0.4886287	0.121533804	671	1023	45	75	2507132341	2.68E-07	2.48E-07	2.89E-07	2.45E-07	2.27E-07	2.64E-07
PD42767a_tds0002	1	Sjogrens_Lymphocyte	22	66	49.49118678	46	300.123625	0.788389	0.021945212	0.84331528	0.6209461	0.4725383	0.4920493	0.132912676	0.021712958	0.873672898	0.6285317	0.4752308	0.4919283	0.163107187	985	1306	80	101	3021828246	3.26E-07	3.06E-07	3.47E-07	2.88E-07	2.70E-07	3.06E-07
PD42768a_tds0001	2	Sjogrens_Epithelium	85	255	124.3144014	104	1376.481903	0.731693	0.018571455	0.725288026	0.6844516	0.4530245	0.4792482	0.066107131	0.019606153	0.779982679	0.6895015	0.4527983	0.4807523	0.085240758	2065	2404	150	237	7409897812	2.79E-07	2.67E-07	2.91E-07	2.58E-07	2.47E-07	2.70E-07
PD42768a_tds0002	1	Sjogrens_Lymphocyte	50	150	112.1746698	100	794.17011	0.78025	0.021294612	0.817100906	0.6500659	0.4614262	0.4788152	0.111039519	0.021513027	0.851622059	0.6571563	0.4606103	0.4797821	0.137610588	1914	2304	171	246	6740567576	2.84E-07	2.71E-07	2.97E-07	2.57E-07	2.45E-07	2.69E-07
PD42769a_tds0001	1	Sjogrens_Epithelium	81	243	102.3496368	87	1084.568962	0.756403	0.016238327	0.784360579	0.7238113	0.4469777	0.4707473	0.072771263	0.016641113	0.823976781	0.7292379	0.4488811	0.4711332	0.090112415	2402	2889	195	275	6105414214	3.93E-07	3.78E-07	4.09E-07	3.67E-07	3.53E-07	3.82E-07
PD42769a_tds0002	1	Sjogrens_Lymphocyte	54	162	126.6127764	113	930.001861	0.764928	0.019152934	0.828425657	0.6705262	0.4609435	0.4829974	0.106645526	0.019194557	0.862935913	0.6770336	0.458946	0.4811662	0.132717398	3038	4131	259	343	7718190861	3.94E-07	3.80E-07	4.08E-07	3.62E-07	3.49E-07	3.75E-07
PD42770a_tds0001	1	Sjogrens_Epithelium	55	165	100.9669414	87	817.097552	0.801916	0.022432237	0.782606547	0.633834	0.4652908	0.4885125	0.099962936	0.022888705	0.818760533	0.6418676	0.4671756	0.4905153	0.122218679	2135	2416	165	194	5895886693	3.62E-07	3.47E-07	3.78E-07	3.36E-07	3.22E-07	3.50E-07
PD42770a_tds0002	1	Sjogrens_Lymphocyte	14.1	42.3	27.5599276	25	179.444277	0.792916	0.020194143	0.844673267	0.6380631	0.4742492	0.4952864	0.124995947	0.019920643	0.87298929	0.6448781	0.4767622	0.4988871	0.151052729	817	1172	44	61	1642620357	4.97E-07	4.64E-07	5.33E-07	4.41E-07	4.11E-07	4.72E-07
PD42771a_tds0001	1	Sjogrens_Epithelium	75.4	226.2	99.58406511	85	1020.000131	0.772125	0.016492017	0.793715363	0.7221459	0.4489632	0.4754748	0.076439668	0.016765504	0.831654593	0.7289107	0.4494427	0.4732974	0.094340875	2444	2971	199	270	6033817330	4.05E-07	3.89E-07	4.21E-07	3.79E-07	3.65E-07	3.95E-07
PD42771a_tds0002	2	Sjogrens_Lymphocyte	40.67	122.01	70.03369472	61	592.054334	0.738848	0.020527347	0.77591285	0.668366	0.4515888	0.4781085	0.088422514	0.021194308	0.824066201	0.6737764	0.4513182	0.4790508	0.113613101	2016	9726	258	436	4303118021	4.68E-07	4.48E-07	4.89E-07	4.29E-07	4.10E-07	4.48E-07
PD42772a_tds0001	1	Sjogrens_Epithelium	31.1	93.3	42.95981391	36	417.753519	0.790541	0.016767017	0.802900681	0.7108461	0.4585318	0.4827518	0.081074189	0.016980164	0.836947846	0.7169847	0.4554799	0.4818036	0.09915236	1114	1444	70	98	2539361636	4.39E-07	4.13E-07	4.65E-07	4.00E-07	3.77E-07	4.24E-07
PD42772a_tds0002	2	Sjogrens_Lymphocyte	17.3	51.9	31.96962705	28	232.456919	0.771467	0.022125456	0.800894946	0.6435474	0.4597852	0.4851008	0.105923716	0.022587675	0.839443576	0.6482287	0.4587698	0.4861377	0.132967333	920	1151	48	65	1928244052	4.77E-07	4.47E-07	5.09E-07	4.37E-07	4.10E-07	4.67E-07
PD42773a_tds0001	1	Sjogrens_Epithelium	23	69	32.83333548	28	292.53717	0.808828	0.018385605	0.807284654	0.6951447	0.4571219	0.4798361	0.091610106	0.01848399	0.838435924	0.7024461	0.4570892	0.480742	0.110153355	956	1137	66	86	1958899882	4.88E-07	4.58E-07	5.20E-07	4.50E-07	4.22E-07	4.80E-07
PD42773a_tds0002	1	Sjogrens_Lymphocyte	9	27	12.64823733	11	94.499301	0.802536	0.018237723	0.837135465	0.6829064	0.4656745	0.4872523	0.107261188	0.018026382	0.866390439	0.6899466	0.4683703	0.4896559	0.129710025	466	545	31	40	722103235	6.45E-07	5.88E-07	7.07E-07	5.81E-07	5.29E-07	6.36E-07
PD42774a_tds0001	2	Sjogrens_Epithelium	10.37	31.11	20.96452453	19	131.015449	0.789859	0.022761621	0.831013601	0.6116438	0.4705199	0.4981884	0.128567727	0.022643083	0.863154365	0.6168091	0.4718616	0.4989056	0.157460061	423	542	38	43	1249016905	3.39E-07	3.07E-07	3.73E-07	3.05E-07	2.77E-07	3.36E-07
PD42774a_tds0002	1	Sjogrens_Lymphocyte	76	228	108.4459429	91	1004.934405	0.764368	0.017535323	0.798492382	0.7078722	0.4444546	0.4693333	0.083750563	0.017849271	0.838918025	0.7144804	0.4453822	0.4692826	0.105097347	2827	3385	208	274	6688651672	4.23E-07	4.07E-07	4.39E-07	3.99E-07	3.85E-07	4.14E-07
PD45527a_tds0001	2	Sjogrens_Epithelium	26.72	80.16	42.70726168	39	332.562152	0.74401	0.018130586	0.823667842	0.6761756	0.4632375	0.4872879	0.098216245	0.018064197	0.860917291	0.6818528	0.4637458	0.4861465	0.122784077	1317	2257	110	149	2636862638	4.99E-07	4.73E-07	5.27E-07	4.64E-07	4.39E-07	4.90E-07
PD45527a_tds0002	1	Sjogrens_Lymphocyte	85	255	124.5578085	109	1268.595013	0.759308	0.016597444	0.787000445	0.7186586	0.4573844	0.4779286	0.074386928	0.017053796	0.827452187	0.7244734	0.4583559	0.4779407	0.093404481	3933	4478	303	379	7378127898	5.33E-07	5.17E-07	5.50E-07	4.97E-07	4.82E-07	5.13E-07
PD45527a_tds0002	2	Sjogrens_Lymphocyte	42	126	66.92806217	59	619.344433	0.755042	0.019611141	0.76875652	0.6780365	0.4529284	0.4717969	0.081082578	0.020389254	0.811765685	0.681442	0.4510861	0.4746156	0.102203553	2199	2509	141	184	4004948820	5.49E-07	5.26E-07	5.73E-07	5.17E-07	4.95E-07	5.39E-07
PD45528a_tds0001	2	Sjogrens_Epithelium	15.09	45.27	24.03618645	22	183.670708	0.762066	0.016925387	0.84433092	0.6836438	0.4666048	0.4893333	0.103761118	0.01679477	0.873949129	0.6866087	0.4671903	0.4884421	0.126241727	725	1081	53	74	1425475299	5.09E-07	4.72E-07	5.47E-07	4.60E-07	4.28E-07	4.95E-07
PD45528a_tds0002	1	Sjogrens_Lymphocyte	30.3	90.9	48.61502476	44	364.191976	0.766016	0.015814601	0.858232935	0.705685	0.4561161	0.4732328	0.105837003	0.015537843	0.886622374	0.7123431	0.4544659	0.4694559	0.129289119	2240	2522	150	178	3005065522	7.45E-07	7.15E-07	7.77E-07	6.95E-07	6.66E-07	7.24E-07
PD45529a_tds0001	2	Bulk_NonSjogrens	20.31	60.93	29.90657215	26	266.902948	0.79246	0.019512305	0.790645438	0.682188	0.4506851	0.4792046	0.089449714	0.019911908	0.826719109	0.6866154	0.4512343	0.4804698	0.10945808	798	1009	48	61	1804648782	4.42E-07	4.12E-07	4.74E-07	4.18E-07	3.90E-07	4.48E-07
PD45530a_tds0001	1	Bulk_NonSjogrens	75	225	118.3984358	99	1110.319116	0.783616	0.019027995	0.782419436	0.6848846	0.4510509	0.4787309	0.08424446	0.019466375	0.823019267	0.693012	0.4535485	0.4789369	0.105298014	1552	1960	162	217	7149607080	2.17E-07	2.06E-07	2.28E-07	2.04E-07	1.94E-07	2.14E-07
PD45531a_tds0001	2	Sjogrens_Epithelium	20.56	61.68	40.58828367	36	282.930681	0.787505	0.025544207	0.784383123	0.5922903	0.4764284	0.4965409	0.115127509	0.02590927	0.825631019	0.6022409	0.4721749	0.4966886	0.144736593	737	1388	60	92	2496079384	2.95E-07	2.74E-07	3.17E-07	2.73E-07	2.54E-07	2.94E-07
PD45532a_tds0001	2	Sjogrens_Epithelium	23.32	69.96	54.16383993	49	352.80701	0.7848	0.025471758	0.800998843	0.5939632	0.4760145	0.4969829	0.123444356	0.025682656	0.840336939	0.6025658	0.4744926	0.4966807	0.15415106	1092	1434	78	99	3340528822	3.27E-07	3.08E-07	3.47E-07	2.92E-07	2.75E-07	3.10E-07
PD45533a_tds0001	2	Sjogrens_Bulk	18.39	55.17	41.38556228	37	250.505657	0.747103	0.024052617	0.822946483	0.6006992	0.448704	0.4756048	0.13192961	0.024227984	0.8600494	0.6050729	0.4495303	0.472574	0.166013945	924	1248	99	121	2564788834	3.60E-07	3.37E-07	3.84E-07	3.35E-07	3.13E-07	3.57E-07