Sample,Autosome,X,diff_auto_X,P_value,Q_value
PD42079c_hum,1.002326007,0.753986324,0.248339683,0,0
PD42077c_hum,1.007126566,0.840080466,0.167046099,1.38E-14,7.98E-13
PD30969d_hum,0.993670134,0.84509048,0.148579654,3.40E-14,1.48E-12
PD42083c_hum,0.999657904,0.842985969,0.156671935,9.24E-13,3.22E-11
PD42075c_hum,1.035711744,0.791422551,0.244289193,1.66E-12,4.83E-11
PD42056c_hum,1.015971932,0.800616026,0.215355906,2.30E-12,5.73E-11
PD42084c_hum,1.013252652,0.879894401,0.133358251,6.58E-11,1.40E-09
PD42090c_hum,0.999922946,0.860709044,0.139213902,7.22E-11,1.40E-09
PD42085c_hum,1.009733123,0.89019009,0.119543032,1.78E-09,3.11E-08
PD42055c_hum,1.038651514,0.844646357,0.194005158,3.42E-09,5.40E-08
PD30968g_hum,1.00022518,0.921508735,0.078716445,4.57E-09,6.63E-08
PD42061c_hum,1.02156261,0.858473946,0.163088664,1.73E-08,2.32E-07
PD42083d_hum,1.003168099,1.103223055,0.100054956,1.02E-07,1.27E-06
PD42076c_hum,1.037887077,0.896571029,0.141316049,3.42E-07,3.97E-06
PD30975b_hum,1.0057752,0.892810214,0.112964985,1.73E-05,0.000176838
PD42042a_hum,1.058596302,0.883780804,0.174815498,1.64E-05,0.000176838
PD42070e_hum,1.002400361,1.058416169,0.056015808,4.33E-05,0.000418413
PD42070d_hum,1.002337887,0.942554152,0.059783735,0.000107657,0.000985914
PD30968b_hum,0.998643725,0.956541312,0.042102414,0.000139477,0.001213448
PD42090f_hum,1.067403058,0.832559368,0.234843689,0.000725722,0.006013124
PD30974b_hum,1.020217193,0.891930261,0.128286932,0.000766408,0.006061593
PD42076a_hum,1.010234257,0.870315651,0.139918606,0.001095391,0.008286871
PD42066c_hum,1.026441083,0.941296051,0.085145032,0.001153992,0.008303575
PD42076f_hum,1.009906801,0.940309977,0.069596824,0.001193042,0.008303575
PD42077g_hum,1.015248755,0.962199862,0.053048893,0.001747689,0.011696076
PD42067g_hum,1.05364836,0.914629979,0.139018381,0.00191855,0.012363989
PD42090d_hum,1.005940856,1.058534396,0.05259354,0.002280657,0.014172652
PD42053d_hum,0.99193413,1.041285352,0.049351222,0.002382759,0.014296553
PD42085a_hum,0.998783409,0.943097688,0.055685721,0.002756152,0.015985681
PD42078g_hum,1.004097332,0.948489235,0.055608097,0.003298429,0.018513765
PD30972b_hum,1.008205774,0.945104499,0.063101274,0.004278295,0.022804249
PD42076d_hum,1.018977922,0.939120076,0.079857847,0.004456003,0.022804249
PD42078a_hum,0.996778754,0.93907297,0.057705784,0.004325254,0.022804249
PD42040a_hum,1.03523981,0.949645602,0.085594208,0.005135566,0.02415104
PD42079f_hum,1.000273909,1.046205449,0.04593154,0.00502277,0.02415104
PD42083g_hum,1.012294624,0.939686557,0.072608067,0.005048042,0.02415104
PD30967g_hum,1.010417646,0.966228326,0.04418932,0.006735325,0.030840699
PD42075a_hum,1.027313854,0.965636914,0.06167694,0.01050543,0.046870382
PD42055a_hum,1.063909283,0.967852357,0.096056926,0.011381319,0.049508736
PD30977b_hum,1.003269669,0.969145985,0.034123684,0.015022,0.063751904
PD42041c_hum,1.048939044,0.952516108,0.096422936,0.017093069,0.067935766
PD42070c_hum,1.010245655,0.930558816,0.079686839,0.017179159,0.067935766
PD42079a_hum,1.003982694,0.968703514,0.035279179,0.016626306,0.067935766
PD30969f_hum,0.987622508,0.959687915,0.027934593,0.01981016,0.070398237
PD30973b_hum,1.041294044,0.944759397,0.096534647,0.018959125,0.070398237
PD42040c_hum,1.031844544,0.963435057,0.068409487,0.019920385,0.070398237
PD42068c_hum,1.024181981,0.953885038,0.070296943,0.020229379,0.070398237
PD42071c_hum,1.031473606,0.940577519,0.090896088,0.020018811,0.070398237
PD42085e_hum,1.044062401,0.926405632,0.117656769,0.019859083,0.070398237
PD30967c_hum,1.001096993,0.957695473,0.04340152,0.023133688,0.0789267
PD42079d_hum,1.007436502,1.045198144,0.037761642,0.024437037,0.081770084
PD30971b_hum,1.025258013,1.08505322,0.059795208,0.027203451,0.087863165
PD42061a_hum,1.034645341,0.972427919,0.062217422,0.027267879,0.087863165
PD42060a_hum,1.064828643,0.978260632,0.086568011,0.028769579,0.090339895
PD42085g_hum,1.009369866,1.042327645,0.032957779,0.029074909,0.090339895
PD40668e_hum,1.004613216,1.058620849,0.054007633,0.031327641,0.095631746
PD42073c_hum,1.046371103,0.938461214,0.107909888,0.032621785,0.097865356
PD42067f_hum,1.039635059,0.951109576,0.088525484,0.03657439,0.107863457
PD42053e_hum,1.000825783,1.043099899,0.042274116,0.045888497,0.133076641
PD42060d_hum,1.046632432,1.110152365,0.063519932,0.050550256,0.144192535
PD42090a_hum,1.049673342,1.007416191,0.042257151,0.056135982,0.157542917
PD42041f_hum,1.021704336,0.966001508,0.055702828,0.062551278,0.172760671
PD30979h_hum,1.001932482,0.977211319,0.024721164,0.064831187,0.1735481
PD40669h_hum,1.077346554,0.963258862,0.114087692,0.06403052,0.1735481
PD42056g_hum,1.020883992,1.068859003,0.047975011,0.06881835,0.180188208
PD42077a_hum,1.005547186,0.974280912,0.031266274,0.069953045,0.180188208
PD42078d_hum,0.987392573,0.966125867,0.021266706,0.07041838,0.180188208
PD42068f_hum,1.036026101,0.989581694,0.046444407,0.073263991,0.18442933
PD42071a_hum,1.00567794,0.979820618,0.025857322,0.074195707,0.18442933
PD42066e_hum,1.042599832,0.981039055,0.061560777,0.075782776,0.18572117
PD42064e_hum,1.029718323,0.980671572,0.049046751,0.087768915,0.21210821
PD42056f_hum,1.019619409,0.970585365,0.049034044,0.089587267,0.213536774
PD42088e_hum,1.019275196,1.076856779,0.057581583,0.09814841,0.230781396
PD42053g_hum,0.998819388,1.02667604,0.027856652,0.11502359,0.263343481
PD42070f_hum,1.037094828,0.956786854,0.080307974,0.114598105,0.263343481
PD42073e_hum,1.009246603,0.983719492,0.025527111,0.121778706,0.275188246
PD42040g_hum,1.022680629,0.983027078,0.039653551,0.124815719,0.278435064
PD40668d_hum,1.00658371,0.951080739,0.055502971,0.130948675,0.2884186
PD40668h_hum,1.053403282,1.098439945,0.045036663,0.133322816,0.289977125
PD42056d_hum,1.048950469,0.959161751,0.089788718,0.137251669,0.29137107
PD42064f_hum,1.024983697,0.990187835,0.034795862,0.137312803,0.29137107
PD40669d_hum,1.020961995,0.953725085,0.06723691,0.149248519,0.312882438
PD42079e_hum,0.992949394,0.963796522,0.029152873,0.154265403,0.319549764
PD30967h_hum,1.003059058,0.982523502,0.020535556,0.160439833,0.328429776
PD42064a_hum,1.038448078,0.979188614,0.059259465,0.165808726,0.335473469
PD42053f_hum,1.002076074,0.979503125,0.022572948,0.169008352,0.338016704
PD30967m_hum,1.054628627,1.133645569,0.079016942,0.174737162,0.34175829
PD42076g_hum,1.000385385,0.965894242,0.034491143,0.174810596,0.34175829
PD42085d_hum,0.987466206,0.940685728,0.046780478,0.178362591,0.34175829
PD42089a_hum,1.051857974,0.978121988,0.073735985,0.178735657,0.34175829
PD42066a_hum,1.023089362,0.991587829,0.031501533,0.194694424,0.36822641
PD42071d_hum,0.996610268,1.031356044,0.034745776,0.216017598,0.404161957
PD40669e_hum,1.020956176,0.975582845,0.045373332,0.225248965,0.416950212
PD42078f_hum,1.010244132,1.034517743,0.02427361,0.232219489,0.425328327
PD42071f_hum,1.021385109,1.074827323,0.053442213,0.243800527,0.439180474
PD42090g_hum,1.001507739,1.02735057,0.025842831,0.244830494,0.439180474
PD42085f_hum,1.067918001,0.974359317,0.093558684,0.254333998,0.451572608
PD42078e_hum,1.009506738,1.028316655,0.018809917,0.262512928,0.461386358
PD42061e_hum,1.029741937,0.995176481,0.034565456,0.281884187,0.490478485
PD42040e_hum,1.040470468,1.000090662,0.040379805,0.28939232,0.498557066
PD30968k_hum,1.101207181,1.208219771,0.107012591,0.2923482,0.498711635
PD40669c_hum,1.052180385,1.074029671,0.021849285,0.303395626,0.50760422
PD40669g_hum,1.022372652,0.982669774,0.039702878,0.30198619,0.50760422
PD42075e_hum,1.035499797,1.060946808,0.025447011,0.334233971,0.548648216
PD42077d_hum,1.009044523,0.989577497,0.019467026,0.331119687,0.548648216
PD30968d_hum,0.994423372,1.000095765,0.005672393,0.345459352,0.5565734
PD42068a_hum,1.054435991,1.018158787,0.036277204,0.34298349,0.5565734
PD42059a_hum,1.016595939,1.05199067,0.035394731,0.360310124,0.569945105
PD42060e_hum,1.035832092,1.05072061,0.014888518,0.360310124,0.569945105
PD40668c_hum,1.117948593,1.060292072,0.057656522,0.364573346,0.571493353
PD42075d_hum,1.024534569,1.004423506,0.020111063,0.379804105,0.590052806
PD42040f_hum,1.050833864,1.021033524,0.02980034,0.395162911,0.597898665
PD42070h_hum,1.015762189,0.982771953,0.032990236,0.390044565,0.597898665
PD42083f_hum,1.051711598,1.022978108,0.02873349,0.392214919,0.597898665
PD42084a_hum,1.000253162,1.011680534,0.011427372,0.407611501,0.611417252
PD42063a_hum,1.030475272,1.008616181,0.021859091,0.416834233,0.616807333
PD42084g_hum,1.006441378,0.983750196,0.022691182,0.418294628,0.616807333
PD42055g_hum,1.0317471,1.020069371,0.011677729,0.434692664,0.635601038
PD42084e_hum,1.01624585,1.039394325,0.023148475,0.448406253,0.650189068
PD30970f_hum,0.990791323,0.998286747,0.007495423,0.455633309,0.655208229
PD30969b_hum,0.991193543,0.999577133,0.00838359,0.485476683,0.684513822
PD40668f_hum,1.154435834,1.277188869,0.122753034,0.49288083,0.684513822
PD40668g_hum,1.016123768,0.994477709,0.021646059,0.49098777,0.684513822
PD40669f_hum,1.120320309,1.175846342,0.055526034,0.498730076,0.684513822
PD42041a_hum,1.044882103,1.014078356,0.030803747,0.55407288,0.684513822
PD42042c_hum,1.043848005,0.98978881,0.054059195,0.553299162,0.684513822
PD42056a_hum,1.036120473,1.017399577,0.018720896,0.527161299,0.684513822
PD42056e_hum,1.023868463,0.994987822,0.028880641,0.521890182,0.684513822
PD42060c_hum,1.057616284,1.063339979,0.005723695,0.549284385,0.684513822
PD42064d_hum,1.042099199,1.018353307,0.023745893,0.534890405,0.684513822
PD42065a_hum,1.045921175,1.005091472,0.040829702,0.5161981,0.684513822
PD42066d_hum,1.066074712,1.041351095,0.024723617,0.505945385,0.684513822
PD42068g_hum,1.030411062,1.038249095,0.007838033,0.554537365,0.684513822
PD42073a_hum,1.020498467,1.000533816,0.019964652,0.500345064,0.684513822
PD42075f_hum,1.028863727,0.996699058,0.032164669,0.553144482,0.684513822
PD42077e_hum,1.00137501,0.984760048,0.016614963,0.545437621,0.684513822
PD42083a_hum,0.994768461,0.981106863,0.013661598,0.554692235,0.684513822
PD42084d_hum,1.019473649,1.001585626,0.017888024,0.495947092,0.684513822
PD42089d_hum,1.021708106,1.040861617,0.019153511,0.517094705,0.684513822
PD42089f_hum,1.025449942,1.003050894,0.022399049,0.509351009,0.684513822
PD42088g_hum,1.002939277,1.00223733,0.000701946,0.577527414,0.707674437
PD42055d_hum,1.066242804,1.115160068,0.048917264,0.620068596,0.754489061
PD42070a_hum,1.004877914,0.998567985,0.006309929,0.643577323,0.777655932
PD42065c_hum,1.033946888,1.045279068,0.01133218,0.657556846,0.789068215
PD42042d_hum,1.031662317,1.043812928,0.012150611,0.695926966,0.823750287
PD42068e_hum,1.048854694,1.065338616,0.016483923,0.693024784,0.823750287
PD30967b_hum,1.009072559,1.002894615,0.006177943,0.70964354,0.825183234
PD30970k_hum,1.003269116,0.995526606,0.007742509,0.708783436,0.825183234
PD42041d_hum,1.016865205,1.002977317,0.013887889,0.711364857,0.825183234
PD42070g_hum,1.034391434,1.015251891,0.019139543,0.719647539,0.825589073
PD42088c_hum,1.050530369,1.052601246,0.002070877,0.721204247,0.825589073
PD30969c_hum,0.98405916,0.97361043,0.01044873,0.732481101,0.82878799
PD42053c_hum,1.022448447,1.00038884,0.022059607,0.733525002,0.82878799
PD42067a_hum,1.04985938,1.048584809,0.001274571,0.738926307,0.829504371
PD42058a_hum,1.030718612,0.99872437,0.031994242,0.748365723,0.834715615
PD42073d_hum,0.992822035,0.994092322,0.001270286,0.759074247,0.841267
PD42066f_hum,1.030596955,1.006010914,0.02458604,0.764710512,0.842149552
PD42061f_hum,1.067392532,1.066519358,0.000873173,0.770535989,0.843228064
PD30967k_hum,1.000322353,0.99348702,0.006835333,0.819556235,0.891267406
PD42057a_hum,1.027943204,1.03156138,0.003618176,0.827830987,0.894674483
PD42068d_hum,1.057712573,1.052990797,0.004721775,0.841182355,0.8953514
PD42075g_hum,1.023025049,1.017466702,0.005558347,0.843894423,0.8953514
PD42079g_hum,1.007131628,1.012403163,0.005271535,0.834500708,0.8953514
PD42053a_hum,0.993766453,0.993797309,3.09E-05,0.874570906,0.91901535
PD42060f_hum,1.041615847,1.029579387,0.012036461,0.878032452,0.91901535
PD42076e_hum,1.034873294,1.019036072,0.015837222,0.882043468,0.91901535
PD42065d_hum,1.032287352,1.03422872,0.001941368,0.956317303,0.978818886
PD42089c_hum,1.01858484,1.015896664,0.002688176,0.952451083,0.978818886
PD42089g_hum,1.014572415,1.010607162,0.003965253,0.947113875,0.978818886
PD42042f_hum,1.035815569,1.033495024,0.002320546,0.96958016,0.984210093
PD42064g_hum,1.029085296,1.009638793,0.019446502,0.972897333,0.984210093
PD42077f_hum,1.0012191,0.995009879,0.006209221,0.98819836,0.993910489
PD42078c_hum,1.003828194,1.001776067,0.002052127,0.999631185,0.999631185